drug,MW,LogP,QED,SA,HBD,HBA,TPSA,RotB
donepezil,324.41999999999996,4.010600000000004,0.8051839412594521,2.5200863765816184,0,3,35.53,6
rivastigmine,250.34199999999998,2.7597000000000014,0.8234224757170807,2.671573304603582,0,3,32.78,4
galantamine,285.34299999999996,1.5305999999999997,0.607534923832276,4.62023918757689,2,3,58.56,1
tacrine,160.22,1.9729700000000001,0.5599669335458157,2.696389525208742,2,2,49.870000000000005,0
huperzine_a,203.285,2.3305000000000007,0.6562781947950788,4.6843625484157565,1,2,43.09,0
physostigmine,220.27199999999996,1.7856,0.7840927888504711,2.8550186791348224,1,3,41.57,1
